/*
SQLyog Ultimate v12.09 (64 bit)
MySQL - 5.5.42-37.1 : Database - unasat_ict_new
*********************************************************************
*/

/*!40101 SET NAMES utf8 */;

/*!40101 SET SQL_MODE=''*/;

/*!40014 SET @OLD_UNIQUE_CHECKS=@@UNIQUE_CHECKS, UNIQUE_CHECKS=0 */;
/*!40014 SET @OLD_FOREIGN_KEY_CHECKS=@@FOREIGN_KEY_CHECKS, FOREIGN_KEY_CHECKS=0 */;
/*!40101 SET @OLD_SQL_MODE=@@SQL_MODE, SQL_MODE='NO_AUTO_VALUE_ON_ZERO' */;
/*!40111 SET @OLD_SQL_NOTES=@@SQL_NOTES, SQL_NOTES=0 */;
CREATE DATABASE /*!32312 IF NOT EXISTS*/`unasat_ict_new` /*!40100 DEFAULT CHARACTER SET utf8 COLLATE utf8_unicode_ci */;

USE `unasat_ict_new`;

/*Table structure for table `forgot_password_tokens` */

DROP TABLE IF EXISTS `forgot_password_tokens`;

CREATE TABLE `forgot_password_tokens` (
  `id` int(11) NOT NULL AUTO_INCREMENT,
  `email` varchar(255) COLLATE utf8_unicode_ci DEFAULT NULL,
  `token` varchar(64) COLLATE utf8_unicode_ci DEFAULT NULL,
  `expire` int(15) DEFAULT NULL,
  PRIMARY KEY (`id`)
) ENGINE=MyISAM AUTO_INCREMENT=8 DEFAULT CHARSET=utf8 COLLATE=utf8_unicode_ci;

/*Data for the table `forgot_password_tokens` */

insert  into `forgot_password_tokens`(`id`,`email`,`token`,`expire`) values ('3','kamo.harutyunyan.93@mail.ru','7701535e94a2736db55b30075542aaa6','1432994305'),('6','d.mokkum@unasat.sr','b8fb7ce4a6264068e25bd1243645ec19','1433503388');

/*Table structure for table `tbl_attachments` */

DROP TABLE IF EXISTS `tbl_attachments`;

CREATE TABLE `tbl_attachments` (
  `id` int(12) NOT NULL AUTO_INCREMENT,
  `path` varchar(255) CHARACTER SET utf8 NOT NULL,
  `size` int(12) NOT NULL,
  `user_id` int(12) NOT NULL,
  `type` tinyint(4) NOT NULL,
  `date` date NOT NULL,
  PRIMARY KEY (`id`),
  KEY `user_id` (`user_id`),
  CONSTRAINT `tbl_attachments_ibfk_1` FOREIGN KEY (`user_id`) REFERENCES `tbl_user` (`id`) ON DELETE CASCADE
) ENGINE=InnoDB AUTO_INCREMENT=1235 DEFAULT CHARSET=latin1;

/*Data for the table `tbl_attachments` */

insert  into `tbl_attachments`(`id`,`path`,`size`,`user_id`,`type`,`date`) values ('708','PROPEDEUSE','0','1','0','2015-06-02'),('709','HOOFDFASE','0','1','0','2015-06-02'),('710','HOOFDFASE/BI','0','1','0','2015-06-02'),('711','HOOFDFASE/SE','0','1','0','2015-06-02'),('712','HOOFDFASE/SNE','0','1','0','2015-06-02'),('713','OER & TOETSBELEID','0','1','0','2015-06-02'),('714','JAARPROGRAMMAS','0','1','0','2015-06-02'),('715','STAGE & AFSTUDEREN','0','1','0','2015-06-02'),('717','PROPEDEUSE/COHORT 2013','0','1','0','2015-06-02'),('718','PROPEDEUSE/COHORT 2014','0','1','0','2015-06-02'),('719','PROPEDEUSE/COHORT 2013/01 BUSINESS BASICS','0','1','0','2015-06-02'),('720','PROPEDEUSE/COHORT 2013/02 ICT DELIVERY','0','1','0','2015-06-02'),('721','PROPEDEUSE/COHORT 2014/01 BUSINESS BASICS','0','1','0','2015-06-02'),('722','PROPEDEUSE/COHORT 2014/02 ICT DELIVERY','0','1','0','2015-06-02'),('723','HOOFDFASE/BI/COHORT 2013','0','1','0','2015-06-02'),('724','HOOFDFASE/SE/COHORT 2013','0','1','0','2015-06-02'),('725','HOOFDFASE/SNE/COHORT 2013','0','1','0','2015-06-02'),('726','PROPEDEUSE/COHORT 2013/01 BUSINESS BASICS/Bedrijfskunde','0','1','0','2015-06-02'),('727','PROPEDEUSE/COHORT 2013/01 BUSINESS BASICS/Communicatieve vaardigheden','0','1','0','2015-06-02'),('728','PROPEDEUSE/COHORT 2013/01 BUSINESS BASICS/ICT Advanced','0','1','0','2015-06-02'),('729','PROPEDEUSE/COHORT 2013/01 BUSINESS BASICS/ICT Advanced/Student Uploads','0','1','0','2015-06-02'),('742','PROPEDEUSE/COHORT 2013/01 BUSINESS BASICS/ICT Advanced/Student Uploads/2_1_PC Assemblage verslag - Groep 2.pdf','585105','125','1','2015-06-02'),('743','PROPEDEUSE/COHORT 2013/01 BUSINESS BASICS/ICT Advanced/Student Uploads/4_1_PC Assemblage Officieel.docx','21368','125','1','2015-06-02'),('744','PROPEDEUSE/COHORT 2013/01 BUSINESS BASICS/ICT Advanced/Student Uploads/5_2_PC verslag groep 5.docx','52132','125','1','2015-06-02'),('745','PROPEDEUSE/COHORT 2013/01 BUSINESS BASICS/ICT Advanced/Student Uploads/12_2_PC ASSEMBLAGE.doc','248320','125','1','2015-06-02'),('746','PROPEDEUSE/COHORT 2013/01 BUSINESS BASICS/ICT Advanced/Student Uploads/13_R_PC Assemblage verslag Final.docx','53677','125','1','2015-06-02'),('747','PROPEDEUSE/COHORT 2013/01 BUSINESS BASICS/ICT Advanced/Student Uploads/1_2_PC assemblage-1.docx','744410','125','1','2015-06-02'),('748','PROPEDEUSE/COHORT 2013/01 BUSINESS BASICS/ICT Advanced/Student Uploads/3_1_PC_Assamblage_UNASAT_Def.docx','909151','125','1','2015-06-02'),('749','PROPEDEUSE/COHORT 2013/01 BUSINESS BASICS/ICT Advanced/Student Uploads/6_2_PC assembleren_Coulor&Fokke.pdf','388990','125','1','2015-06-02'),('750','PROPEDEUSE/COHORT 2013/01 BUSINESS BASICS/ICT Advanced/Student Uploads/7_2_PC Assemblage.docx','28354','125','1','2015-06-02'),('751','PROPEDEUSE/COHORT 2013/01 BUSINESS BASICS/ICT Advanced/Student Uploads/08_V_pc  assembleren -eind.pdf','1612584','125','1','2015-06-02'),('752','PROPEDEUSE/COHORT 2013/01 BUSINESS BASICS/ICT Advanced/Student Uploads/9_1_PC assemblage.docx','607807','125','1','2015-06-02'),('753','PROPEDEUSE/COHORT 2013/01 BUSINESS BASICS/ICT Advanced/Student Uploads/10_1_PC assemblage final.docx','1873516','125','1','2015-06-02'),('754','PROPEDEUSE/COHORT 2013/01 BUSINESS BASICS/ICT Advanced/Student Uploads/11_1_PC Assemblage Verslag.pdf','348582','125','1','2015-06-02'),('755','PROPEDEUSE/COHORT 2013/01 BUSINESS BASICS/ICT Advanced/Student Uploads/14_2_ICT Assemblage Verslag - Lobato - Stijnberg - FINAL.pdf','375608','125','1','2015-06-02'),('756','PROPEDEUSE/COHORT 2013/01 BUSINESS BASICS/ICT Advanced/Student Uploads/PC Assemblage Verslag(Final).docx','26976','125','1','2015-06-02'),('757','PROPEDEUSE/COHORT 2013/01 BUSINESS BASICS/Project Ondernemingsplan','0','1','0','2015-06-02'),('758','PROPEDEUSE/COHORT 2013/01 BUSINESS BASICS/Project Ondernemingsplan/Student Uploads','0','1','0','2015-06-02'),('759','PROPEDEUSE/COHORT 2013/01 BUSINESS BASICS/Simulatie','0','1','0','2015-06-02'),('760','PROPEDEUSE/COHORT 2013/01 BUSINESS BASICS/Simulatie/Student Uploads','0','1','0','2015-06-02'),('761','PROPEDEUSE/COHORT 2013/01 BUSINESS BASICS/Simulatie/Bedrijfssimulatie Deelnemershandleiding ProSim advanced 3.0.4.pdf','2318497','1','1','2015-06-02'),('763','PROPEDEUSE/COHORT 2013/01 BUSINESS BASICS/Simulatie/Simulatie OPDRACHT nov 13.docx','22768','1','1','2015-06-02'),('764','PROPEDEUSE/COHORT 2013/01 BUSINESS BASICS/Simulatie/Student Uploads/Xtreme-SPorts-Zone-Bedrijfssimulatie.pdf','585862','125','1','2015-06-02'),('765','PROPEDEUSE/COHORT 2013/01 BUSINESS BASICS/Project Ondernemingsplan/Student Uploads/Semester 1_Ondernemingsplan_Compusol.pdf','1422249','125','1','2015-06-02'),('766','KWALITEITSZORG','0','1','0','2015-06-02'),('767','OPLEIDINGSCOMMISSIE','0','1','0','2015-06-02'),('768','ALGEMEEN','0','1','0','2015-06-02'),('770','KWALITEITSZORG/F-4012 Klacht, afwijking, voorstel_12032015.pdf','224237','128','1','2015-06-02'),('772','OPLEIDINGSCOMMISSIE/NOTULEN MEETING_1.pdf','41749','1','1','2015-06-02'),('773','OPLEIDINGSCOMMISSIE/NOTULEN MEETING 2_08052015.pdf','270625','128','1','2015-06-02'),('774','OPLEIDINGSCOMMISSIE/NOTULEN MEETING 3_15052015.pdf','261147','128','1','2015-06-02'),('775','ALGEMEEN/Opleidingsprofiel BI UNASAT  versie 1.0.pdf','717105','128','1','2015-06-02'),('776','ALGEMEEN/Opleidingsprofiel SE UNASAT  versie 1.0 docx.pdf','631612','128','1','2015-06-02'),('777','ALGEMEEN/Opleidingsprofiel SNE UNASAT versie  1.0.pdf','656598','128','1','2015-06-02'),('778','OER & TOETSBELEID/OER 2014 2015.pdf','882068','128','1','2015-06-02'),('779','OER & TOETSBELEID/Toetsbeleid UNASAT_dec 2014.pdf','485244','128','1','2015-06-02'),('780','OER & TOETSBELEID/F-7052 Aanvraag vrijstellingen_2.docx','65562','128','1','2015-06-02'),('781','OER & TOETSBELEID/F-7053 Aanvraag stagevrijstelling_2.docx','64945','128','1','2015-06-02'),('782','KWALITEITSZORG/EVALUATIES','0','1','0','2015-06-02'),('783','PROPEDEUSE/COHORT 2013/01 BUSINESS BASICS/Bedrijfskunde/Business Basics blok 2 2015.pptx','797527','1','1','2015-06-03'),('784','PROPEDEUSE/COHORT 2013/01 BUSINESS BASICS/Bedrijfskunde/Business Basics_blok 1 2014.pptx','378708','1','1','2015-06-03'),('785','HOOFDFASE/SNE/COHORT 2013/03 BUILD THE NETWORK','0','1','0','2015-06-03'),('786','HOOFDFASE/SNE/COHORT 2013/03 BUILD THE NETWORK/IP SWITCHING','0','1','0','2015-06-03'),('787','HOOFDFASE/SNE/COHORT 2013/03 BUILD THE NETWORK/IP SWITCHING/IPSwitchRoute_Les_1.pptx','377659','1','1','2015-06-03'),('788','HOOFDFASE/SNE/COHORT 2013/03 BUILD THE NETWORK/IP SWITCHING/IPSwitchRoute_Les_2.pptx','735054','1','1','2015-06-03'),('789','HOOFDFASE/SNE/COHORT 2013/03 BUILD THE NETWORK/IP SWITCHING/IPSwitchRoute_Les_3.pptx','403027','1','1','2015-06-03'),('790','HOOFDFASE/SNE/COHORT 2013/03 BUILD THE NETWORK/IP SWITCHING/IPSwitchRoute_Les_4.pptx','282145','1','1','2015-06-03'),('791','HOOFDFASE/SNE/COHORT 2013/03 BUILD THE NETWORK/IP SWITCHING/IPSwitchRoute_Les_5.pptx','1287579','1','1','2015-06-03'),('792','HOOFDFASE/SNE/COHORT 2013/03 BUILD THE NETWORK/IP SWITCHING/Student Uploads','0','1','0','2015-06-03'),('793','HOOFDFASE/SNE/COHORT 2013/03 BUILD THE NETWORK/IP SWITCHING/Student Uploads/business case ip switching& routing-lesley.docx','1795114','125','1','2015-06-03'),('794','HOOFDFASE/SNE/COHORT 2013/03 BUILD THE NETWORK/IP SWITCHING/Student Uploads/Netwerkontwerp Voorstel_Merlien Coulor.docx','290857','125','1','2015-06-03'),('795','HOOFDFASE/SNE/COHORT 2013/03 BUILD THE NETWORK/IP SWITCHING/Student Uploads/Rapport Final.docx','147670','125','1','2015-06-03'),('796','HOOFDFASE/SNE/COHORT 2013/03 BUILD THE NETWORK/IP SWITCHING/Student Uploads/Rapport networking_Enrico_DaSilva (1).docx','253907','125','1','2015-06-03'),('797','HOOFDFASE/SNE/COHORT 2013/03 BUILD THE NETWORK/IP SWITCHING/Student Uploads/Rapport networking_Enrico_DaSilva.docx','255705','125','1','2015-06-03'),('798','HOOFDFASE/SNE/COHORT 2013/03 BUILD THE NETWORK/IP SWITCHING/Student Uploads/Rapport_XavieraRoos.pdf','802261','125','1','2015-06-03'),('799','HOOFDFASE/SNE/COHORT 2013/03 BUILD THE NETWORK/IP SWITCHING/Student Uploads/Rapport.pdf','645733','125','1','2015-06-03'),('800','HOOFDFASE/SNE/COHORT 2013/03 BUILD THE NETWORK/IP SWITCHING/Student Uploads/Unasat Network Solution_D. Mokkum (2).docx','1180100','125','1','2015-06-03'),('801','HOOFDFASE/SNE/COHORT 2013/03 BUILD THE NETWORK/IP SWITCHING/Student Uploads/Unasat Network Solution_D. Mokkum.docx','715021','125','1','2015-06-03'),('802','HOOFDFASE/SNE/COHORT 2013/03 BUILD THE NETWORK/IP SWITCHING/Student Uploads/Voorstel.docx','633872','125','1','2015-06-03'),('803','HOOFDFASE/SNE/COHORT 2013/03 BUILD THE NETWORK/IP SWITCHING/IP Switching and Routing Case.docx','243713','1','1','2015-06-03'),('804','HOOFDFASE/SNE/COHORT 2013/04 NETWORK MANAGEMENT','0','1','0','2015-06-03'),('805','HOOFDFASE/SNE/COHORT 2013/04 NETWORK MANAGEMENT/SECURITY PLUS','0','1','0','2015-06-03'),('806','HOOFDFASE/SNE/COHORT 2013/04 NETWORK MANAGEMENT/SECURITY PLUS/Diagrams.vsdx','186143','1','1','2015-06-03'),('807','HOOFDFASE/SNE/COHORT 2013/04 NETWORK MANAGEMENT/SECURITY PLUS/Labs','0','1','0','2015-06-03'),('808','HOOFDFASE/SNE/COHORT 2013/04 NETWORK MANAGEMENT/SECURITY PLUS/Labs/Host1.txt','2786','1','1','2015-06-03'),('809','HOOFDFASE/SNE/COHORT 2013/04 NETWORK MANAGEMENT/SECURITY PLUS/Labs/R1.txt','17566','1','1','2015-06-03'),('810','HOOFDFASE/SNE/COHORT 2013/04 NETWORK MANAGEMENT/SECURITY PLUS/Labs/R2.txt','1516','1','1','2015-06-03'),('811','HOOFDFASE/SNE/COHORT 2013/04 NETWORK MANAGEMENT/SECURITY PLUS/Labs/S2M11 Access Control Lists (ACLs).ppt','465408','1','1','2015-06-03'),('812','HOOFDFASE/SNE/COHORT 2013/04 NETWORK MANAGEMENT/SECURITY PLUS/Labs/SSH.pdf','318386','1','1','2015-06-03'),('813','HOOFDFASE/SNE/COHORT 2013/04 NETWORK MANAGEMENT/SECURITY PLUS/Labs/ACL Lab.docx','34043','1','1','2015-06-03'),('814','HOOFDFASE/SNE/COHORT 2013/04 NETWORK MANAGEMENT/SECURITY PLUS/Labs/High_availability','0','1','0','2015-06-03'),('816','HOOFDFASE/SNE/COHORT 2013/04 NETWORK MANAGEMENT/SECURITY PLUS/Labs/High_availability/High Availability Lab.docx','142551','1','1','2015-06-03'),('817','HOOFDFASE/SNE/COHORT 2013/04 NETWORK MANAGEMENT/SECURITY PLUS/Labs/High_availability/High Availability Lab.JPG','32397','1','1','2015-06-03'),('818','HOOFDFASE/SNE/COHORT 2013/04 NETWORK MANAGEMENT/SECURITY PLUS/Labs/High_availability/Hosts.txt','0','1','1','2015-06-03'),('819','HOOFDFASE/SNE/COHORT 2013/04 NETWORK MANAGEMENT/SECURITY PLUS/Labs/High_availability/R1.txt','1822','1','1','2015-06-03'),('820','HOOFDFASE/SNE/COHORT 2013/04 NETWORK MANAGEMENT/SECURITY PLUS/Labs/High_availability/R2.txt','0','1','1','2015-06-03'),('821','HOOFDFASE/SNE/COHORT 2013/04 NETWORK MANAGEMENT/SECURITY PLUS/Security Assessment Case.docx','348544','1','1','2015-06-03'),('822','HOOFDFASE/SNE/COHORT 2013/04 NETWORK MANAGEMENT/SECURITY PLUS/Security Assessment Case.vsdx','208095','1','1','2015-06-03'),('823','HOOFDFASE/SNE/COHORT 2013/04 NETWORK MANAGEMENT/SECURITY PLUS/Slides','0','1','0','2015-06-03'),('824','HOOFDFASE/SNE/COHORT 2013/04 NETWORK MANAGEMENT/SECURITY PLUS/Slides/Security+_Les1.ppt','1350656','1','1','2015-06-03'),('825','HOOFDFASE/SNE/COHORT 2013/04 NETWORK MANAGEMENT/SECURITY PLUS/Slides/Security+_Les2.ppt','1971200','1','1','2015-06-03'),('826','HOOFDFASE/SNE/COHORT 2013/04 NETWORK MANAGEMENT/SECURITY PLUS/Slides/Security+_Les3.ppt','2920448','1','1','2015-06-03'),('827','HOOFDFASE/SNE/COHORT 2013/04 NETWORK MANAGEMENT/SECURITY PLUS/Slides/Security+_Les4.ppt','2663424','1','1','2015-06-03'),('828','HOOFDFASE/SNE/COHORT 2013/04 NETWORK MANAGEMENT/SECURITY PLUS/Slides/Security+_Les5.ppt','1359360','1','1','2015-06-03'),('829','PROPEDEUSE/COHORT 2013/02 ICT DELIVERY/ICT Toepassingen','0','1','0','2015-06-03'),('830','E-BOOKS & READERS','0','1','0','2015-06-03'),('831','PROPEDEUSE/COHORT 2013/02 ICT DELIVERY/ICT Toepassingen/ICT-Toepassingen_Slides_Week1_v1.0.pdf','585840','1','1','2015-06-03'),('832','PROPEDEUSE/COHORT 2013/02 ICT DELIVERY/ICT Toepassingen/ICT-Toepassingen_Slides_Week2_v1.0.pdf','1195888','1','1','2015-06-03'),('833','PROPEDEUSE/COHORT 2013/02 ICT DELIVERY/ICT Toepassingen/ICT-Toepassingen_Slides_Week3_v1.0.pdf','1617515','1','1','2015-06-03'),('834','PROPEDEUSE/COHORT 2013/02 ICT DELIVERY/ICT Toepassingen/ICT-Toepassingen_Slides_Week4_v1.0.pdf','3368763','1','1','2015-06-03'),('835','PROPEDEUSE/COHORT 2013/02 ICT DELIVERY/ICT Toepassingen/ICT-Toepassingen_Slides_Week5_v1.0.pdf','1556133','1','1','2015-06-03'),('836','PROPEDEUSE/COHORT 2013/02 ICT DELIVERY/ICT Toepassingen/ICT-Toepassingen_Slides_Week6_v1.0.pdf','2547312','1','1','2015-06-03'),('837','PROPEDEUSE/COHORT 2013/02 ICT DELIVERY/ICT Toepassingen/ICT-Toepassingen_Slides_Week7_v1.0.pdf','726926','1','1','2015-06-03'),('838','HOOFDFASE/SNE/COHORT 2013/04 NETWORK MANAGEMENT/ITIL','0','1','0','2015-06-04'),('839','HOOFDFASE/SNE/COHORT 2013/03 BUILD THE NETWORK/NETWORK ENGINEERING','0','1','0','2015-06-04'),('841','HOOFDFASE/SNE/COHORT 2013/03 BUILD THE NETWORK/NETWORK ENGINEERING/Chapter1.doc','5713408','1','1','2015-06-04'),('842','HOOFDFASE/SNE/COHORT 2013/03 BUILD THE NETWORK/NETWORK ENGINEERING/Chapter2.doc','295424','1','1','2015-06-04'),('843','HOOFDFASE/SNE/COHORT 2013/03 BUILD THE NETWORK/NETWORK ENGINEERING/Chapter3.doc','1073152','1','1','2015-06-04'),('844','HOOFDFASE/SNE/COHORT 2013/03 BUILD THE NETWORK/NETWORK ENGINEERING/Chapter4.doc','3709952','1','1','2015-06-04'),('845','HOOFDFASE/SNE/COHORT 2013/04 NETWORK MANAGEMENT/ITIL/Chapter 4,5,6_config_incident_problem.pptx','753036','1','1','2015-06-04'),('846','HOOFDFASE/SNE/COHORT 2013/04 NETWORK MANAGEMENT/ITIL/Chapter 7,9_change_servicelevelmgmt.pptx','114773','1','1','2015-06-04'),('847','HOOFDFASE/SNE/COHORT 2013/04 NETWORK MANAGEMENT/ITIL/Chapter1_Beheer van informatiesystemen.pptx','457669','1','1','2015-06-04'),('848','HOOFDFASE/SNE/COHORT 2013/04 NETWORK MANAGEMENT/ITIL/Chapter2_IT-servicemanagement_volgens_ITIL.pptx','58223','1','1','2015-06-04'),('849','HOOFDFASE/SNE/COHORT 2013/04 NETWORK MANAGEMENT/ITIL/Chapter3_Servicedesk.pptx','91753','1','1','2015-06-04'),('850','HOOFDFASE/BI/COHORT 2013/03 MANAGEMENT CONTROL','0','1','0','2015-06-04'),('851','HOOFDFASE/SNE/COHORT 2013/03 BUILD THE NETWORK/NETWORK ENGINEERING/Student Uploads','0','1','0','2015-06-04'),('852','HOOFDFASE/SNE/COHORT 2013/04 NETWORK MANAGEMENT/SECURITY PLUS/Student Uploads','0','1','0','2015-06-04'),('853','HOOFDFASE/SNE/COHORT 2013/04 NETWORK MANAGEMENT/ITIL/Student Uploads','0','1','0','2015-06-04'),('861','PROPEDEUSE/COHORT 2013/01 BUSINESS BASICS/Project Ondernemingsplan/Student Uploads/Ondernemings Plan.pdf','687675','20','1','2015-06-04'),('884','HOOFDFASE/BI/COHORT 2013/03 MANAGEMENT CONTROL/Management Control Systems','0','1','0','2015-06-04'),('886','HOOFDFASE/BI/COHORT 2013/03 MANAGEMENT CONTROL/Management Control Systems/Aanvullende literatuur','0','1','0','2015-06-04'),('891','HOOFDFASE/BI/COHORT 2013/03 MANAGEMENT CONTROL/Management Control Systems/Aanvullende literatuur/20120806-de_opzet_van_een_management_control_syste.pdf','129321','1','1','2015-06-04'),('892','HOOFDFASE/BI/COHORT 2013/03 MANAGEMENT CONTROL/Management Control Systems/Aanvullende literatuur/Management Control aanvullend perspectief SvanBaarle1209.pdf','493763','1','1','2015-06-04'),('893','HOOFDFASE/BI/COHORT 2013/03 MANAGEMENT CONTROL/Management Control Systems/Aanvullende literatuur/onderzoek_productiviteit.doc','202240','1','1','2015-06-04'),('894','HOOFDFASE/BI/COHORT 2013/03 MANAGEMENT CONTROL/Management Control Systems/Aanvullende literatuur/Visie_managementcontrol_TU_Delft.pdf','154808','1','1','2015-06-04'),('895','HOOFDFASE/BI/COHORT 2013/03 MANAGEMENT CONTROL/Management Control Systems/Aanvullende literatuur/wat is Management control.pdf','401326','1','1','2015-06-04'),('896','HOOFDFASE/BI/COHORT 2013/03 MANAGEMENT CONTROL/Management Control Systems/Slides','0','1','0','2015-06-04'),('897','HOOFDFASE/BI/COHORT 2013/03 MANAGEMENT CONTROL/Management Control Systems/Slides/ch 9.ppt','119808','1','1','2015-06-04'),('898','HOOFDFASE/BI/COHORT 2013/03 MANAGEMENT CONTROL/Management Control Systems/Slides/Management Compensation hfstd 13 Presentatie Carlos.docx','18044','1','1','2015-06-04'),('899','HOOFDFASE/BI/COHORT 2013/03 MANAGEMENT CONTROL/Management Control Systems/Slides/MCS Ch-10-Analyzing-Financial-Performance-Reports.ppt','244736','1','1','2015-06-04'),('900','HOOFDFASE/BI/COHORT 2013/03 MANAGEMENT CONTROL/Management Control Systems/Slides/MCS chap8.ppt','539648','1','1','2015-06-04'),('901','HOOFDFASE/BI/COHORT 2013/03 MANAGEMENT CONTROL/Management Control Systems/Slides/MCS Chapter 6 NL fin.ppt','275968','1','1','2015-06-04'),('902','HOOFDFASE/BI/COHORT 2013/03 MANAGEMENT CONTROL/Management Control Systems/Slides/MCS Chapter1.pptx','90733','1','1','2015-06-04'),('903','HOOFDFASE/BI/COHORT 2013/03 MANAGEMENT CONTROL/Management Control Systems/Slides/MCS Chapter2.pptx','80714','1','1','2015-06-04'),('904','HOOFDFASE/BI/COHORT 2013/03 MANAGEMENT CONTROL/Management Control Systems/Slides/MCS Chapter3.pptx','91594','1','1','2015-06-04'),('905','HOOFDFASE/BI/COHORT 2013/03 MANAGEMENT CONTROL/Management Control Systems/Slides/MCS Chapter4.pptx','122362','1','1','2015-06-04'),('906','HOOFDFASE/BI/COHORT 2013/03 MANAGEMENT CONTROL/Management Control Systems/Slides/MCS H 11 Performance measurement Andro en Carlos.pptx','810138','1','1','2015-06-04'),('907','HOOFDFASE/BI/COHORT 2013/03 MANAGEMENT CONTROL/Management Control Systems/Slides/MCS H 12 Management-Compensation.pptx','102260','1','1','2015-06-04'),('908','HOOFDFASE/BI/COHORT 2013/03 MANAGEMENT CONTROL/Management Control Systems/Slides/MCS H 15-Multinational-Organizations.pptx','83423','1','1','2015-06-04'),('909','HOOFDFASE/BI/COHORT 2013/03 MANAGEMENT CONTROL/Management Control Systems/Slides/MCS h7 NL.pptx','60361','1','1','2015-06-04'),('910','HOOFDFASE/BI/COHORT 2013/03 MANAGEMENT CONTROL/Management Control Systems/Slides/MCS Hoofdstuk5 NL DW.pptx','69204','1','1','2015-06-04'),('911','HOOFDFASE/BI/COHORT 2013/03 MANAGEMENT CONTROL/Management Control Systems/Slides/NL samenvatting MCS ed 11.pdf','1717172','1','1','2015-06-04'),('912','HOOFDFASE/BI/COHORT 2013/03 MANAGEMENT CONTROL/Management Control Systems/Slides/tentamen voorbereiding laatste les.pptx','43096','1','1','2015-06-04'),('913','HOOFDFASE/BI/COHORT 2013/03 MANAGEMENT CONTROL/Risicomanagement','0','1','0','2015-06-04'),('914','HOOFDFASE/BI/COHORT 2013/03 MANAGEMENT CONTROL/Balanced Score Card','0','1','0','2015-06-04'),('915','HOOFDFASE/BI/COHORT 2013/03 MANAGEMENT CONTROL/Student Uploads','0','1','0','2015-06-04'),('916','HOOFDFASE/BI/COHORT 2013/03 MANAGEMENT CONTROL/Risicomanagement/Slides','0','1','0','2015-06-04'),('917','HOOFDFASE/BI/COHORT 2013/03 MANAGEMENT CONTROL/Risicomanagement/Opdrachten','0','1','0','2015-06-04'),('918','HOOFDFASE/BI/COHORT 2013/03 MANAGEMENT CONTROL/Risicomanagement/Student Uploads','0','1','0','2015-06-04'),('919','HOOFDFASE/BI/COHORT 2013/03 MANAGEMENT CONTROL/Risicomanagement/Slides/Risicomanagement_Slides_Week1_v1.0.pdf','2614335','1','1','2015-06-04'),('920','HOOFDFASE/BI/COHORT 2013/03 MANAGEMENT CONTROL/Risicomanagement/Slides/Risicomanagement_Slides_Week2_v1.0.pdf','1080341','1','1','2015-06-04'),('921','HOOFDFASE/BI/COHORT 2013/03 MANAGEMENT CONTROL/Risicomanagement/Slides/Risicomanagement_Slides_Week3_v1.0.pdf','1959248','1','1','2015-06-04'),('922','HOOFDFASE/BI/COHORT 2013/03 MANAGEMENT CONTROL/Risicomanagement/Slides/Risicomanagement_Slides_Week4_v0.1.pdf','2177996','1','1','2015-06-04'),('923','HOOFDFASE/BI/COHORT 2013/03 MANAGEMENT CONTROL/Risicomanagement/Opdrachten/Risicomanagement_Opdracht_Week1_v1.0.pdf','99537','1','1','2015-06-04'),('924','HOOFDFASE/BI/COHORT 2013/03 MANAGEMENT CONTROL/Risicomanagement/Opdrachten/Risicomanagement_Opdracht_Week2_v1.0.pdf','99188','1','1','2015-06-04'),('925','HOOFDFASE/BI/COHORT 2013/03 MANAGEMENT CONTROL/Risicomanagement/Opdrachten/Risicomanagement_Opdracht_Week3_v1.0.pdf','160371','1','1','2015-06-04'),('926','HOOFDFASE/BI/COHORT 2013/03 MANAGEMENT CONTROL/Risicomanagement/Student Uploads/1.Abdoellah_Wk1_Risk Management opdracht 1.docx','41933','125','1','2015-06-04'),('927','HOOFDFASE/BI/COHORT 2013/03 MANAGEMENT CONTROL/Risicomanagement/Student Uploads/2.Djastro_Wk1_Week 1 opdracht .docx','16575','125','1','2015-06-04'),('928','HOOFDFASE/BI/COHORT 2013/03 MANAGEMENT CONTROL/Risicomanagement/Student Uploads/3.Fokke_Wk1_Week1Opdracht1NigelFokké.pdf','159055','125','1','2015-06-04'),('929','HOOFDFASE/BI/COHORT 2013/03 MANAGEMENT CONTROL/Risicomanagement/Student Uploads/7.Pique_Wk1_Risico Analyse Andro Pique.docx','14551','125','1','2015-06-04'),('930','HOOFDFASE/BI/COHORT 2013/03 MANAGEMENT CONTROL/Risicomanagement/Student Uploads/8.Temoe_Wk1_Opdr 1_RTemoe.docx','19992','125','1','2015-06-04'),('931','HOOFDFASE/BI/COHORT 2013/03 MANAGEMENT CONTROL/Risicomanagement/Student Uploads/1.Abdoellah_Wk2_Opdracht 2 risico analyse plan.docx','16806','125','1','2015-06-04'),('932','HOOFDFASE/BI/COHORT 2013/03 MANAGEMENT CONTROL/Risicomanagement/Student Uploads/2.Djastro_Wk2_Risico Analyseplan HDF- Mitchell Djastro.docx','99598','125','1','2015-06-04'),('933','HOOFDFASE/BI/COHORT 2013/03 MANAGEMENT CONTROL/Risicomanagement/Student Uploads/7.Pique_Wk2_Risico Analyse Andro Pique Opdracht 2.docx','371666','125','1','2015-06-04'),('934','HOOFDFASE/BI/COHORT 2013/03 MANAGEMENT CONTROL/Risicomanagement/Student Uploads/8.Temoe_Wk2_Risicoanalyse _RTemoe.docx','79406','125','1','2015-06-04'),('935','HOOFDFASE/BI/COHORT 2013/03 MANAGEMENT CONTROL/Risicomanagement/Student Uploads/2.Djastro_Wk3_Week 3 opdracht 3_feedback.docx','128783','125','1','2015-06-04'),('936','HOOFDFASE/BI/COHORT 2013/03 MANAGEMENT CONTROL/Risicomanagement/Student Uploads/2.Djastro_Wk3_Week 3 opdracht 3.docx','123025','125','1','2015-06-04'),('937','HOOFDFASE/BI/COHORT 2013/03 MANAGEMENT CONTROL/Risicomanagement/Student Uploads/8.Temoe_Wk3_Bedrijfsanalyse_feedback.docx','92674','125','1','2015-06-04'),('938','HOOFDFASE/BI/COHORT 2013/03 MANAGEMENT CONTROL/Risicomanagement/Student Uploads/8.Temoe_Wk3_Bedrijfsanalyse.docx','87731','125','1','2015-06-04'),('941','HOOFDFASE/BI/COHORT 2013/03 MANAGEMENT CONTROL/Balanced Score Card/Slides','0','1','0','2015-06-04'),('942','HOOFDFASE/BI/COHORT 2013/03 MANAGEMENT CONTROL/Balanced Score Card/Aanvullende Literatuur','0','1','0','2015-06-04'),('943','HOOFDFASE/BI/COHORT 2013/03 MANAGEMENT CONTROL/Balanced Score Card/Slides/BSC wk 1.pptx','395621','1','1','2015-06-04'),('944','HOOFDFASE/BI/COHORT 2013/03 MANAGEMENT CONTROL/Balanced Score Card/Slides/BSC wk 2 Het Financieel Perspectief h3.pptx','377163','1','1','2015-06-04'),('945','HOOFDFASE/BI/COHORT 2013/03 MANAGEMENT CONTROL/Balanced Score Card/Slides/BSC wk3.pptx','87881','1','1','2015-06-04'),('946','HOOFDFASE/BI/COHORT 2013/03 MANAGEMENT CONTROL/Balanced Score Card/Slides/VB philippinesairline balancescorecard.ppt','768000','1','1','2015-06-04'),('947','HOOFDFASE/BI/COHORT 2013/03 MANAGEMENT CONTROL/Balanced Score Card/Aanvullende Literatuur/BSC for Dummies.pdf','5888582','1','1','2015-06-04'),('948','HOOFDFASE/BI/COHORT 2013/03 MANAGEMENT CONTROL/Balanced Score Card/Aanvullende Literatuur/The Balanced Scorecard Translating Strategy In Action.pdf','17579111','1','1','2015-06-04'),('949','HOOFDFASE/BI/COHORT 2013/03 MANAGEMENT CONTROL/Balanced Score Card/Student Uploads','0','1','0','2015-06-04'),('950','PROPEDEUSE/COHORT 2014/02 ICT DELIVERY/JAVA','0','1','0','2015-06-05'),('951','PROPEDEUSE/COHORT 2014/02 ICT DELIVERY/DB','0','1','0','2015-06-05'),('952','PROPEDEUSE/COHORT 2014/02 ICT DELIVERY/Networking','0','1','0','2015-06-05'),('953','PROPEDEUSE/COHORT 2014/02 ICT DELIVERY/Packet Tracer','0','1','0','2015-06-05'),('954','PROPEDEUSE/COHORT 2014/02 ICT DELIVERY/Networking/Student Uploads','0','1','0','2015-06-05'),('955','PROPEDEUSE/COHORT 2014/02 ICT DELIVERY/Packet Tracer/Student Uploads','0','1','0','2015-06-05'),('958','PROPEDEUSE/COHORT 2014/02 ICT DELIVERY/SHL_ICT_Delivery_versie 1 0 2014-2015.pdf','480675','1','1','2015-06-05'),('959','HOOFDFASE/SNE/COHORT 2013/04 NETWORK MANAGEMENT/SNMP THEORIE','0','1','0','2015-06-05'),('960','HOOFDFASE/SNE/COHORT 2013/04 NETWORK MANAGEMENT/SNMP PRAKTIJK','0','1','0','2015-06-05'),('961','HOOFDFASE/SNE/COHORT 2013/04 NETWORK MANAGEMENT/SNMP THEORIE/Student Uploads','0','1','0','2015-06-05'),('962','HOOFDFASE/SNE/COHORT 2013/04 NETWORK MANAGEMENT/SNMP PRAKTIJK/Student Uploads','0','1','0','2015-06-05'),('963','JAARPROGRAMMAS/2013_2014','0','1','0','2015-06-07'),('964','JAARPROGRAMMAS/2014_2015','0','1','0','2015-06-07'),('966','JAARPROGRAMMAS/2013_2014/Jaarprogramma 2013_2014.xlsx','15719','1','1','2015-06-07'),('968','JAARPROGRAMMAS/2014_2015/Jaarprogramma 2014.pdf','136526','1','1','2015-06-07'),('971','PROPEDEUSE/COHORT 2013/01 BUSINESS BASICS/Groep EEE  UNASAT Rooster Semester 1 incl ICT 2013 2014 (2) 18 okt (1).pdf','68454','1','1','2015-06-07'),('972','PROPEDEUSE/COHORT 2013/01 BUSINESS BASICS/Handleiding_Business_Basics_november_2013-2014.pdf','996355','1','1','2015-06-07'),('973','PROPEDEUSE/COHORT 2013/02 ICT DELIVERY/Groep_E_Semester_2_final ICT.pdf','55883','1','1','2015-06-07'),('974','PROPEDEUSE/COHORT 2013/02 ICT DELIVERY/Handleiding_ICT DELIVERY_november_2013-2014_Semester2.pdf','920831','1','1','2015-06-07'),('975','PROPEDEUSE/COHORT 2013/02 ICT DELIVERY/JAVA','0','1','0','2015-06-07'),('976','PROPEDEUSE/COHORT 2013/02 ICT DELIVERY/DB','0','1','0','2015-06-07'),('977','PROPEDEUSE/COHORT 2013/02 ICT DELIVERY/Networking','0','1','0','2015-06-07'),('978','PROPEDEUSE/COHORT 2014/02 ICT DELIVERY/JAVA/Unasat.ppt','820224','1','1','2015-06-07'),('979','PROPEDEUSE/COHORT 2013/02 ICT DELIVERY/JAVA/Unasat.ppt','820224','1','1','2015-06-07'),('980','PROPEDEUSE/COHORT 2013/02 ICT DELIVERY/Student Uploads','0','1','0','2015-06-07'),('981','PROPEDEUSE/COHORT 2013/02 ICT DELIVERY/Student Uploads/kantine_presentatie_groep_1.pdf','328192','125','1','2015-06-07'),('982','PROPEDEUSE/COHORT 2014/02 ICT DELIVERY/JAVA/Student Uploads','0','1','0','2015-06-07'),('983','PROPEDEUSE/COHORT 2014/02 ICT DELIVERY/JAVA/Student Uploads/HuiswerkOpdr_ShaiedNiamut.zip','2379821','125','1','2015-06-07'),('984','PROPEDEUSE/COHORT 2014/02 ICT DELIVERY/UNASAT Rooster Semester 2_2014 2015 v1 ict.pdf','63716','1','1','2015-06-07'),('985','PROPEDEUSE/COHORT 2014/01 BUSINESS BASICS/Bedrijfskunde','0','1','0','2015-06-07'),('986','PROPEDEUSE/COHORT 2014/01 BUSINESS BASICS/Bedrijfskunde/Business Basics blok 2 2015.pptx','797527','1','1','2015-06-07'),('987','PROPEDEUSE/COHORT 2014/01 BUSINESS BASICS/Bedrijfskunde/Business Basics_blok 1 2014.pptx','378708','1','1','2015-06-07'),('988','PROPEDEUSE/COHORT 2014/01 BUSINESS BASICS/UNASAT Rooster Semester 1 incl ICT 2014 2015 v1 ict.pdf','67813','1','1','2015-06-07'),('989','PROPEDEUSE/COHORT 2014/01 BUSINESS BASICS/SHLBBvoorICT versie 1.0 2014-2015.pdf','655981','1','1','2015-06-07'),('990','PROPEDEUSE/COHORT 2014/01 BUSINESS BASICS/Student Uploads','0','1','0','2015-06-07'),('991','E-BOOKS & READERS/uml_2.0_in_a_nutshell.pdf','15919533','1','1','2015-06-07'),('992','HOOFDFASE/BI/COHORT 2013/03 MANAGEMENT CONTROL/Student Uploads/Andro Pique BSC Surinaamse Brouwerij Andro Pique_opm Wazir.pptx','164116','125','1','2015-06-07'),('993','HOOFDFASE/BI/COHORT 2013/03 MANAGEMENT CONTROL/Student Uploads/Andro Pique MSC Presentatie case Parbo Bier vs Sranang Biri.pptx','792580','125','1','2015-06-07'),('994','HOOFDFASE/BI/COHORT 2013/03 MANAGEMENT CONTROL/Student Uploads/Balanced Score Card_SWM_RTemoe.pdf','558910','125','1','2015-06-07'),('995','HOOFDFASE/BI/COHORT 2013/03 MANAGEMENT CONTROL/Student Uploads/Balanced Score Card_SWM_RTemoe.pptx','228687','125','1','2015-06-07'),('996','HOOFDFASE/BI/COHORT 2013/03 MANAGEMENT CONTROL/Student Uploads/Balanced Scorecard_OVERMAN O.docx','105646','125','1','2015-06-07'),('997','HOOFDFASE/BI/COHORT 2013/03 MANAGEMENT CONTROL/Student Uploads/Bedrijfsanalyse_SWM_Rulia Temoe 26122014 600pm.pdf','470016','125','1','2015-06-07'),('998','HOOFDFASE/BI/COHORT 2013/03 MANAGEMENT CONTROL/Student Uploads/Beroepproduct Andro Pique Balanced scorecard en Strategiemap.docx','830723','125','1','2015-06-07'),('999','HOOFDFASE/BI/COHORT 2013/03 MANAGEMENT CONTROL/Student Uploads/Beroepproduct Andro Pique management control system _ Jur Aspecten _ Risico management 28122014 2214pm.docx','841789','125','1','2015-06-07'),('1000','HOOFDFASE/BI/COHORT 2013/03 MANAGEMENT CONTROL/Student Uploads/Beroepsproduct MCS C.Abdoellah 26122014 1123pm.docx','93787','125','1','2015-06-07'),('1001','HOOFDFASE/BI/COHORT 2013/03 MANAGEMENT CONTROL/Student Uploads/BSC_Parbo bierie_RTemoe.docx','21523','125','1','2015-06-07'),('1002','HOOFDFASE/BI/COHORT 2013/03 MANAGEMENT CONTROL/Student Uploads/Carlos Abdoelah Balance score card Parbo Bier_opm Wazir.pdf','187464','125','1','2015-06-07'),('1003','HOOFDFASE/BI/COHORT 2013/03 MANAGEMENT CONTROL/Student Uploads/Carlos Abdoelah Balance score card Parbo Bier.pdf','182105','125','1','2015-06-07'),('1004','HOOFDFASE/BI/COHORT 2013/03 MANAGEMENT CONTROL/Student Uploads/Carlos Abdoellah Case Surinaams bier_opm Wazir.docx','21304','125','1','2015-06-07'),('1005','HOOFDFASE/BI/COHORT 2013/03 MANAGEMENT CONTROL/Student Uploads/Carlos Abdoellah Opdracht Parbo bier vs Sranan biri.docx','19360','125','1','2015-06-07'),('1006','HOOFDFASE/BI/COHORT 2013/03 MANAGEMENT CONTROL/Student Uploads/Djastro_Temoe opm DW.docx','13723','125','1','2015-06-07'),('1007','HOOFDFASE/BI/COHORT 2013/03 MANAGEMENT CONTROL/Student Uploads/Extra thuis oprdacht Djastro Mitchell 27122014 1211pm.docx','17133','125','1','2015-06-07'),('1008','HOOFDFASE/BI/COHORT 2013/03 MANAGEMENT CONTROL/Student Uploads/Extra thuis oprdacht MCS_RTemoe 27122014 1232pm.docx','20318','125','1','2015-06-07'),('1009','HOOFDFASE/BI/COHORT 2013/03 MANAGEMENT CONTROL/Student Uploads/Finance Deel Balanced Score Card Andro Pique opm DW.xlsx','10264','125','1','2015-06-07'),('1010','HOOFDFASE/BI/COHORT 2013/03 MANAGEMENT CONTROL/Student Uploads/HDF Consulting NV_Mitchell Djastro Final Copy27122014 954am .docx','233333','125','1','2015-06-07'),('1011','HOOFDFASE/BI/COHORT 2013/03 MANAGEMENT CONTROL/Student Uploads/HDF Consulting NV_Mitchell Djastro_comment DW.docx','140755','125','1','2015-06-07'),('1012','HOOFDFASE/BI/COHORT 2013/04 BUSINESS PROCESS ANALYSIS','0','1','0','2015-06-07'),('1014','E-BOOKS & READERS/The Balanced Scorecard Translating Strategy In Action.pdf','17579111','1','1','2015-06-07'),('1015','HOOFDFASE/BI/COHORT 2013/04 BUSINESS PROCESS ANALYSIS/Organisatie en Informatie','0','1','0','2015-06-07'),('1016','HOOFDFASE/BI/COHORT 2013/04 BUSINESS PROCESS ANALYSIS/Workflow management','0','1','0','2015-06-07'),('1017','HOOFDFASE/BI/COHORT 2013/04 BUSINESS PROCESS ANALYSIS/Workflow management/Processen UNASAT','0','1','0','2015-06-07'),('1018','HOOFDFASE/BI/COHORT 2013/04 BUSINESS PROCESS ANALYSIS/Organisatie en Informatie/Unasat_Semester4_Blok1_planning.pdf','13655','1','1','2015-06-07'),('1019','HOOFDFASE/BI/COHORT 2013/04 BUSINESS PROCESS ANALYSIS/Organisatie en Informatie/Slides','0','1','0','2015-06-07'),('1020','HOOFDFASE/BI/COHORT 2013/04 BUSINESS PROCESS ANALYSIS/Organisatie en Informatie/Slides/Slides_Week1_v0.1.pdf','1513444','1','1','2015-06-07'),('1021','HOOFDFASE/BI/COHORT 2013/04 BUSINESS PROCESS ANALYSIS/Organisatie en Informatie/Slides/Slides_Week2_v1.0.pdf','938553','1','1','2015-06-07'),('1022','HOOFDFASE/BI/COHORT 2013/04 BUSINESS PROCESS ANALYSIS/Organisatie en Informatie/Slides/Slides_Week3_v1.0.pdf','2330061','1','1','2015-06-07'),('1023','HOOFDFASE/BI/COHORT 2013/04 BUSINESS PROCESS ANALYSIS/Organisatie en Informatie/Slides/Slides_Week4_v1.0.pdf','1401957','1','1','2015-06-07'),('1024','HOOFDFASE/BI/COHORT 2013/04 BUSINESS PROCESS ANALYSIS/Organisatie en Informatie/Slides/Slides_Week5_v1.0.pdf','1201913','1','1','2015-06-07'),('1025','HOOFDFASE/BI/COHORT 2013/04 BUSINESS PROCESS ANALYSIS/Organisatie en Informatie/Slides/Slides_Week6_v1.0.pdf','1890180','1','1','2015-06-07'),('1026','HOOFDFASE/BI/COHORT 2013/04 BUSINESS PROCESS ANALYSIS/Organisatie en Informatie/Slides/Slides_Week7_v1.0.pdf','2592517','1','1','2015-06-07'),('1027','HOOFDFASE/BI/COHORT 2013/04 BUSINESS PROCESS ANALYSIS/Workflow management/WoPed software','0','1','0','2015-06-07'),('1028','HOOFDFASE/BI/COHORT 2013/04 BUSINESS PROCESS ANALYSIS/Workflow management/wfm4_ana.ppt','663552','1','1','2015-06-07'),('1029','HOOFDFASE/BI/COHORT 2013/04 BUSINESS PROCESS ANALYSIS/Workflow management/Huiswerk voor 8 mei.pptx','38042','1','1','2015-06-07'),('1030','HOOFDFASE/BI/COHORT 2013/04 BUSINESS PROCESS ANALYSIS/Workflow management/pn2refresher_long.ppt','2884096','1','1','2015-06-07'),('1031','HOOFDFASE/BI/COHORT 2013/04 BUSINESS PROCESS ANALYSIS/Workflow management/wfm1_intro.ppt','2595840','1','1','2015-06-07'),('1032','HOOFDFASE/BI/COHORT 2013/04 BUSINESS PROCESS ANALYSIS/Workflow management/wfm2_pn.ppt','1648640','1','1','2015-06-07'),('1033','HOOFDFASE/BI/COHORT 2013/04 BUSINESS PROCESS ANALYSIS/Workflow management/wfm3_wfm.ppt','1064448','1','1','2015-06-07'),('1034','HOOFDFASE/BI/COHORT 2013/04 BUSINESS PROCESS ANALYSIS/Workflow management/wfm5_archi.ppt','4721152','1','1','2015-06-07'),('1035','HOOFDFASE/BI/COHORT 2013/04 BUSINESS PROCESS ANALYSIS/Workflow management/wfm6_patterns.ppt','4751360','1','1','2015-06-07'),('1036','HOOFDFASE/BI/COHORT 2013/04 BUSINESS PROCESS ANALYSIS/Workflow management/wfm7_ontw.ppt','191488','1','1','2015-06-07'),('1037','HOOFDFASE/BI/COHORT 2013/04 BUSINESS PROCESS ANALYSIS/Workflow management/wfm8_alt_dia.ppt','8686592','1','1','2015-06-07'),('1038','HOOFDFASE/BI/COHORT 2013/04 BUSINESS PROCESS ANALYSIS/Workflow management/wfm9_processmining.ppt','2876928','1','1','2015-06-07'),('1039','HOOFDFASE/BI/COHORT 2013/04 BUSINESS PROCESS ANALYSIS/Workflow management/wfm10_future.ppt','977920','1','1','2015-06-07'),('1040','HOOFDFASE/BI/COHORT 2013/04 BUSINESS PROCESS ANALYSIS/Workflow management/WoPed software/WoPeD-install-windows-3.2.0.zip','26884438','1','1','2015-06-07'),('1041','HOOFDFASE/BI/COHORT 2013/04 BUSINESS PROCESS ANALYSIS/Workflow management/Processen UNASAT/PR-701 Werving en selectie van studenten_16032015.pdf','274194','1','1','2015-06-07'),('1042','HOOFDFASE/BI/COHORT 2013/04 BUSINESS PROCESS ANALYSIS/Workflow management/Processen UNASAT/PR-705 Inschrijving_17032015_versie2.pdf','290620','1','1','2015-06-07'),('1043','HOOFDFASE/BI/COHORT 2013/04 BUSINESS PROCESS ANALYSIS/Workflow management/Processen UNASAT/PR-706 Voorbereiden nieuwe cohort_16032015.pdf','249713','1','1','2015-06-07'),('1044','HOOFDFASE/BI/COHORT 2013/04 BUSINESS PROCESS ANALYSIS/Workflow management/Processen UNASAT/PR-707 Toetsing_16032015.pdf','270515','1','1','2015-06-07'),('1045','HOOFDFASE/BI/COHORT 2013/04 BUSINESS PROCESS ANALYSIS/Workflow management/Processen UNASAT/PR-708 Cijferadministratie_17032015_versie 2.pdf','252976','1','1','2015-06-07'),('1046','HOOFDFASE/BI/COHORT 2013/04 BUSINESS PROCESS ANALYSIS/Workflow management/Processen UNASAT/WI-705 Vrijstellingen_16032015.pdf','236424','1','1','2015-06-07'),('1047','HOOFDFASE/BI/COHORT 2013/03 MANAGEMENT CONTROL/SHLManagementControl versie 1.0 2014-2015.pdf','459401','1','1','2015-06-07'),('1048','HOOFDFASE/BI/COHORT 2013/03 MANAGEMENT CONTROL/UNASAT Rooster Semester 3 BI incl ICT 2014 2015 v1 ict.pdf','66394','1','1','2015-06-07'),('1049','HOOFDFASE/BI/COHORT 2013/04 BUSINESS PROCESS ANALYSIS/SHLBedrijfskundige_informatica_versie 1 0 2014-2015.pdf','429990','1','1','2015-06-07'),('1050','HOOFDFASE/BI/COHORT 2013/04 BUSINESS PROCESS ANALYSIS/UNASAT Rooster Semester 4_BI_2014 2015 v1.xls','38400','1','1','2015-06-07'),('1051','HOOFDFASE/SE/COHORT 2013/03 MOBILE SOLUTIONS','0','1','0','2015-06-07'),('1052','HOOFDFASE/SE/COHORT 2013/04 SOFTWARE ENGINEERING','0','1','0','2015-06-07'),('1054','HOOFDFASE/SE/COHORT 2013/03 MOBILE SOLUTIONS/UNASAT Rooster Semester 3 SE incl ICT 2014 2015 v1 ict.pdf','65352','1','1','2015-06-07'),('1055','HOOFDFASE/SE/COHORT 2013/03 MOBILE SOLUTIONS/Requirements Engineering','0','1','0','2015-06-07'),('1056','HOOFDFASE/SE/COHORT 2013/03 MOBILE SOLUTIONS/Requirements Engineering/ Presentatie_1.pptx','52158','1','1','2015-06-07'),('1057','HOOFDFASE/SE/COHORT 2013/03 MOBILE SOLUTIONS/UX Design','0','1','0','2015-06-07'),('1058','HOOFDFASE/SE/COHORT 2013/03 MOBILE SOLUTIONS/JAVA II','0','1','0','2015-06-07'),('1059','HOOFDFASE/SE/COHORT 2013/03 MOBILE SOLUTIONS/DB II','0','1','0','2015-06-07'),('1060','HOOFDFASE/SE/COHORT 2013/03 MOBILE SOLUTIONS/Student Uploads','0','1','0','2015-06-07'),('1074','HOOFDFASE/SE/COHORT 2013/03 MOBILE SOLUTIONS/Student Uploads/Beroepsproduct Mobile Solutions blok 1 Final.pdf','644789','125','1','2015-06-07'),('1075','HOOFDFASE/SE/COHORT 2013/03 MOBILE SOLUTIONS/Student Uploads/Groep2_Mockups.zip','441916','125','1','2015-06-07'),('1076','HOOFDFASE/SE/COHORT 2013/03 MOBILE SOLUTIONS/Student Uploads/Groep2-BusinessRate-Requirements.pdf','667740','125','1','2015-06-07'),('1077','HOOFDFASE/SE/COHORT 2013/03 MOBILE SOLUTIONS/Student Uploads/polapp - [Dinesh Jethoe, Kishan Gauri].pdf','327037','125','1','2015-06-07'),('1078','HOOFDFASE/SE/COHORT 2013/03 MOBILE SOLUTIONS/Student Uploads/quality gateway -  [Dinesh Jethoe, Kishan Gauri].pdf','911208','125','1','2015-06-07'),('1079','HOOFDFASE/SE/COHORT 2013/03 MOBILE SOLUTIONS/Student Uploads/Req Doc.pdf','455888','125','1','2015-06-07'),('1080','HOOFDFASE/SE/COHORT 2013/03 MOBILE SOLUTIONS/Student Uploads/reqs doc - [Dinesh Jethoe, Kishan Gauri].pdf','562888','125','1','2015-06-07'),('1081','HOOFDFASE/SE/COHORT 2013/03 MOBILE SOLUTIONS/Student Uploads/Requirement[CasterJ & AnthonyM].docx','846648','125','1','2015-06-07'),('1082','HOOFDFASE/SE/COHORT 2013/03 MOBILE SOLUTIONS/Student Uploads/Requirement[CasterJ & AnthonyM].pdf','1288176','125','1','2015-06-07'),('1083','HOOFDFASE/SE/COHORT 2013/03 MOBILE SOLUTIONS/Student Uploads/Requirements final.pdf','566891','125','1','2015-06-07'),('1084','HOOFDFASE/SE/COHORT 2013/03 MOBILE SOLUTIONS/Student Uploads/Requirements_Doc_Groep3.pdf','530188','125','1','2015-06-07'),('1085','HOOFDFASE/SE/COHORT 2013/03 MOBILE SOLUTIONS/Student Uploads/ui-design-doc.pdf','562439','125','1','2015-06-07'),('1086','HOOFDFASE/SE/COHORT 2013/04 SOFTWARE ENGINEERING/Software Security','0','1','0','2015-06-07'),('1087','HOOFDFASE/SE/COHORT 2013/04 SOFTWARE ENGINEERING/Software Engineering Tools','0','1','0','2015-06-07'),('1088','HOOFDFASE/SE/COHORT 2013/04 SOFTWARE ENGINEERING/Algorithmen en Datastructuren','0','1','0','2015-06-07'),('1089','HOOFDFASE/SE/COHORT 2013/04 SOFTWARE ENGINEERING/Student Uploads','0','1','0','2015-06-07'),('1090','HOOFDFASE/SE/COHORT 2013/04 SOFTWARE ENGINEERING/SHLSoftware_engineering_versie 1 0 2014-2015.pdf','428125','1','1','2015-06-07'),('1091','HOOFDFASE/SE/COHORT 2013/04 SOFTWARE ENGINEERING/UNASAT Rooster Semester 4_SE_2014 2015 v1.xls','38400','1','1','2015-06-07'),('1100','HOOFDFASE/SNE/COHORT 2013/04 NETWORK MANAGEMENT/SHLNetwork_Management_versie 1 0 2014-2015.pdf','428308','1','1','2015-06-08'),('1101','HOOFDFASE/SE/COHORT 2013/03 MOBILE SOLUTIONS/SHLMobileSolutions versie 1 0 2014-2015.pdf','440477','1','1','2015-06-08'),('1102','PP','0','1','0','2015-06-08'),('1103','PP/SHL Portfolio en Assessment versie  0. 1 2014-2015.pdf','400252','1','1','2015-06-08'),('1104','PP/SHL PP Startopdracht versie 1. 0 2014-2015.pdf','311711','1','1','2015-06-08'),('1105','PP/SHL PP Traject versie 1. 0 2014-2015.pdf','412157','1','1','2015-06-08'),('1106','HOOFDFASE/SE/COHORT 2013/03 MOBILE SOLUTIONS/UX Design/Slides','0','1','0','2015-06-08'),('1107','HOOFDFASE/SE/COHORT 2013/03 MOBILE SOLUTIONS/UX Design/Opdrachten','0','1','0','2015-06-08'),('1111','HOOFDFASE/SE/COHORT 2013/04 SOFTWARE ENGINEERING/Software Security/Slides','0','1','0','2015-06-08'),('1112','HOOFDFASE/SE/COHORT 2013/04 SOFTWARE ENGINEERING/Software Security/Slides/Lecture 1','0','1','0','2015-06-08'),('1113','HOOFDFASE/SE/COHORT 2013/04 SOFTWARE ENGINEERING/Software Security/Slides/Lecture 2','0','1','0','2015-06-08'),('1114','HOOFDFASE/SE/COHORT 2013/04 SOFTWARE ENGINEERING/Software Security/Slides/Lecture 3','0','1','0','2015-06-08'),('1115','HOOFDFASE/SE/COHORT 2013/04 SOFTWARE ENGINEERING/Software Security/Slides/Lecture 4','0','1','0','2015-06-08'),('1116','HOOFDFASE/SE/COHORT 2013/04 SOFTWARE ENGINEERING/Software Security/Slides/Lecture 5','0','1','0','2015-06-08'),('1117','HOOFDFASE/SE/COHORT 2013/04 SOFTWARE ENGINEERING/Software Security/Slides/Lecture 6','0','1','0','2015-06-08'),('1118','HOOFDFASE/SE/COHORT 2013/04 SOFTWARE ENGINEERING/Software Security/Slides/Lecture 7','0','1','0','2015-06-08'),('1119','HOOFDFASE/SE/COHORT 2013/04 SOFTWARE ENGINEERING/Software Security/Slides/Lecture 1/1. Web application Sins.pptx','99973','1','1','2015-06-08'),('1120','HOOFDFASE/SE/COHORT 2013/04 SOFTWARE ENGINEERING/Software Security/Slides/Lecture 2/Software Security presentatie.pptx','41264','1','1','2015-06-08'),('1121','HOOFDFASE/SE/COHORT 2013/04 SOFTWARE ENGINEERING/Software Security/Slides/Lecture 3/24 Deadly Sins of Software Security.pptx','55225','1','1','2015-06-08'),('1122','HOOFDFASE/SE/COHORT 2013/04 SOFTWARE ENGINEERING/Software Security/Slides/Lecture 4/RACE CONDITION.pptx','44400','1','1','2015-06-08'),('1123','HOOFDFASE/SE/COHORT 2013/04 SOFTWARE ENGINEERING/Software Security/Slides/Lecture 4/sin 12.pptx','53234','1','1','2015-06-08'),('1124','HOOFDFASE/SE/COHORT 2013/04 SOFTWARE ENGINEERING/Software Security/Slides/Lecture 4/What is a race condition.docx','18237','1','1','2015-06-08'),('1125','HOOFDFASE/SE/COHORT 2013/04 SOFTWARE ENGINEERING/Software Security/Slides/Lecture 5/presentatie-06-mei-17-18-19.pptx','51839','1','1','2015-06-08'),('1126','HOOFDFASE/SE/COHORT 2013/04 SOFTWARE ENGINEERING/Software Security/Slides/Lecture 5/sin 15.docx','34909','1','1','2015-06-08'),('1127','HOOFDFASE/SE/COHORT 2013/04 SOFTWARE ENGINEERING/Software Security/Slides/Lecture 6/Presentation sin 19-21v2.pptx','267792','1','1','2015-06-08'),('1128','HOOFDFASE/SE/COHORT 2013/04 SOFTWARE ENGINEERING/Software Security/Slides/Lecture 7/PKI and SSL.pptx','3633597','1','1','2015-06-08'),('1129','HOOFDFASE/SE/COHORT 2013/04 SOFTWARE ENGINEERING/Software Security/Opdrachten','0','1','0','2015-06-08'),('1130','HOOFDFASE/SE/COHORT 2013/04 SOFTWARE ENGINEERING/Software Security/Opdrachten/Verslag instructies.doc','45056','1','1','2015-06-08'),('1131','HOOFDFASE/SE/COHORT 2013/04 SOFTWARE ENGINEERING/Software Security/Opdrachten/Voorbeeld antwoorden.docx','13234','1','1','2015-06-08'),('1132','HOOFDFASE/SE/COHORT 2013/04 SOFTWARE ENGINEERING/Software Security/Opdrachten/Voorbeeld vragen.docx','12750','1','1','2015-06-08'),('1134','HOOFDFASE/SE/COHORT 2013/03 MOBILE SOLUTIONS/UX Design/Slides/Lecture 1','0','1','0','2015-06-08'),('1135','HOOFDFASE/SE/COHORT 2013/03 MOBILE SOLUTIONS/UX Design/Slides/Lecture 2','0','1','0','2015-06-08'),('1136','HOOFDFASE/SE/COHORT 2013/03 MOBILE SOLUTIONS/UX Design/Slides/Lecture 3','0','1','0','2015-06-08'),('1137','HOOFDFASE/SE/COHORT 2013/03 MOBILE SOLUTIONS/UX Design/Slides/Lecture 4','0','1','0','2015-06-08'),('1138','HOOFDFASE/SE/COHORT 2013/03 MOBILE SOLUTIONS/UX Design/Slides/Lecture 5','0','1','0','2015-06-08'),('1139','HOOFDFASE/SE/COHORT 2013/03 MOBILE SOLUTIONS/UX Design/Slides/Lecture 6','0','1','0','2015-06-08'),('1140','HOOFDFASE/SE/COHORT 2013/03 MOBILE SOLUTIONS/UX Design/Slides/Lecture 7','0','1','0','2015-06-08'),('1141','HOOFDFASE/SE/COHORT 2013/03 MOBILE SOLUTIONS/UX Design/Slides/Lecture 1/1. Course objectives, What users do and Organizing2.pptx','389409','1','1','2015-06-08'),('1142','HOOFDFASE/SE/COHORT 2013/03 MOBILE SOLUTIONS/UX Design/Slides/Lecture 1/225px-Kanizsa_triangle.svg_.png','4146','1','1','2015-06-08'),('1143','HOOFDFASE/SE/COHORT 2013/03 MOBILE SOLUTIONS/UX Design/Slides/Lecture 1/Clutter-web-design.jpg','186972','1','1','2015-06-08'),('1144','HOOFDFASE/SE/COHORT 2013/03 MOBILE SOLUTIONS/UX Design/Slides/Lecture 1/english-icon-template-cognitive-psych-stub-illustrating-clas.jpg','38402','1','1','2015-06-08'),('1145','HOOFDFASE/SE/COHORT 2013/03 MOBILE SOLUTIONS/UX Design/Slides/Lecture 1/Screen Shot 2013-11-30 at 3.01.19 AM.png','19264','1','1','2015-06-08'),('1146','HOOFDFASE/SE/COHORT 2013/03 MOBILE SOLUTIONS/UX Design/Slides/Lecture 1/website-template_design-steps.jpg','45160','1','1','2015-06-08'),('1147','HOOFDFASE/SE/COHORT 2013/03 MOBILE SOLUTIONS/UX Design/Slides/Lecture 2/2. Social Media and Mobile interfaces.pptx','109724','1','1','2015-06-08'),('1148','HOOFDFASE/SE/COHORT 2013/03 MOBILE SOLUTIONS/UX Design/Slides/Lecture 2/Huiswerk template.docx','13290','1','1','2015-06-08'),('1149','HOOFDFASE/SE/COHORT 2013/03 MOBILE SOLUTIONS/UX Design/Slides/Lecture 3/3. Making it look good.pptx','1211617','1','1','2015-06-08'),('1150','HOOFDFASE/SE/COHORT 2013/03 MOBILE SOLUTIONS/UX Design/Slides/Lecture 4/4. Getting around & Organizing the page.pptx','102203','1','1','2015-06-08'),('1151','HOOFDFASE/SE/COHORT 2013/03 MOBILE SOLUTIONS/UX Design/Slides/Lecture 4/bootstrap.html','1668','1','1','2015-06-08'),('1152','HOOFDFASE/SE/COHORT 2013/03 MOBILE SOLUTIONS/UX Design/Slides/Lecture 5/5. List of things & Doing things.pptx','91432','1','1','2015-06-08'),('1153','HOOFDFASE/SE/COHORT 2013/03 MOBILE SOLUTIONS/UX Design/Slides/Lecture 6/6. Preparing for Results.pptx','90556','1','1','2015-06-08'),('1154','HOOFDFASE/SE/COHORT 2013/03 MOBILE SOLUTIONS/UX Design/Slides/Lecture 7/7. Review & Questions.pptx','82127','1','1','2015-06-08'),('1155','HOOFDFASE/SE/COHORT 2013/03 MOBILE SOLUTIONS/UX Design/Slides/Lecture 7/polapp-prototype.rar','1749358','1','1','2015-06-08'),('1156','HOOFDFASE/SE/COHORT 2013/03 MOBILE SOLUTIONS/UX Design/Student Uploads','0','1','0','2015-06-08'),('1157','HOOFDFASE/SE/COHORT 2013/03 MOBILE SOLUTIONS/UX Design/Student Uploads/Ass 1- Jennifer Veldbloem.docx','16352','125','1','2015-06-08'),('1158','HOOFDFASE/SE/COHORT 2013/03 MOBILE SOLUTIONS/UX Design/Student Uploads/ASSIGNMENT 1 Suzanne Essed.pdf','224923','125','1','2015-06-08'),('1159','HOOFDFASE/SE/COHORT 2013/03 MOBILE SOLUTIONS/UX Design/Student Uploads/Assignment1 - Allan Hellings.docx','14508','125','1','2015-06-08'),('1160','HOOFDFASE/SE/COHORT 2013/03 MOBILE SOLUTIONS/UX Design/Student Uploads/Homework assignment 1 - Sevan Pontjodikromo.docx','20731','125','1','2015-06-08'),('1161','HOOFDFASE/SE/COHORT 2013/03 MOBILE SOLUTIONS/UX Design/Student Uploads/homework1_ux_Wishaal Mathoera.docx','18159','125','1','2015-06-08'),('1162','HOOFDFASE/SE/COHORT 2013/03 MOBILE SOLUTIONS/UX Design/Student Uploads/Homewrk_Ass_Jakob_Nielsen_Etienne Lobato de Mesquita.docx','14984','125','1','2015-06-08'),('1163','HOOFDFASE/SE/COHORT 2013/03 MOBILE SOLUTIONS/UX Design/Student Uploads/Jakob Nielsen HW - Sheralynn Hart.docx','48074','125','1','2015-06-08'),('1164','HOOFDFASE/SE/COHORT 2013/03 MOBILE SOLUTIONS/UX Design/Student Uploads/UI-design-huiswerk-1[Dinesh Jethoe].pdf','176562','125','1','2015-06-08'),('1165','HOOFDFASE/SE/COHORT 2013/03 MOBILE SOLUTIONS/UX Design/Student Uploads/Ass 2 - Jennifer veldbloem.docx','16066','125','1','2015-06-08'),('1166','HOOFDFASE/SE/COHORT 2013/03 MOBILE SOLUTIONS/UX Design/Student Uploads/Assignment 2 - Anthony Moeridjan.docx','16986','125','1','2015-06-08'),('1167','HOOFDFASE/SE/COHORT 2013/03 MOBILE SOLUTIONS/UX Design/Student Uploads/Assignment 2 - Caster Jose.docx','13224','125','1','2015-06-08'),('1168','HOOFDFASE/SE/COHORT 2013/03 MOBILE SOLUTIONS/UX Design/Student Uploads/Assignment 2 - Sheralynn Hart.docx','16661','125','1','2015-06-08'),('1169','HOOFDFASE/SE/COHORT 2013/03 MOBILE SOLUTIONS/UX Design/Student Uploads/ASSIGNMENT 2 Suzanne Essed.pdf','217417','125','1','2015-06-08'),('1170','HOOFDFASE/SE/COHORT 2013/03 MOBILE SOLUTIONS/UX Design/Student Uploads/AssignmentII_UX_171114EL - Etienne.docx','18113','125','1','2015-06-08'),('1171','HOOFDFASE/SE/COHORT 2013/03 MOBILE SOLUTIONS/UX Design/Student Uploads/homework_ux_Wishaal Mathoera_week2.docx','18270','125','1','2015-06-08'),('1172','HOOFDFASE/SE/COHORT 2013/03 MOBILE SOLUTIONS/UX Design/Student Uploads/Naam Allan Hellings.docx','19821','125','1','2015-06-08'),('1173','HOOFDFASE/SE/COHORT 2013/03 MOBILE SOLUTIONS/UX Design/Student Uploads/UI-design-huiswerk-2%5bDinesh Jethoe%5d.pdf','231881','125','1','2015-06-08'),('1174','HOOFDFASE/SE/COHORT 2013/03 MOBILE SOLUTIONS/UX Design/Student Uploads/UX_assignment2 - Jurian Amatsahip.docx','17487','125','1','2015-06-08'),('1175','HOOFDFASE/SE/COHORT 2013/03 MOBILE SOLUTIONS/UX Design/Student Uploads/Ass 3 - jennifer veldbloem.docx','343616','125','1','2015-06-08'),('1176','HOOFDFASE/SE/COHORT 2013/03 MOBILE SOLUTIONS/UX Design/Student Uploads/Assignment 3 - Jose Caster.docx','15490','125','1','2015-06-08'),('1177','HOOFDFASE/SE/COHORT 2013/03 MOBILE SOLUTIONS/UX Design/Student Uploads/ASSIGNMENT 3 Suzanne Essed.pdf','229173','125','1','2015-06-08'),('1178','HOOFDFASE/SE/COHORT 2013/03 MOBILE SOLUTIONS/UX Design/Student Uploads/Assignment_III_UX_25112014EL.docx','17178','125','1','2015-06-08'),('1179','HOOFDFASE/SE/COHORT 2013/03 MOBILE SOLUTIONS/UX Design/Student Uploads/homework_ux_Wishaal Mathoera_week3.docx','19791','125','1','2015-06-08'),('1180','HOOFDFASE/SE/COHORT 2013/03 MOBILE SOLUTIONS/UX Design/Student Uploads/Naam-Allan Hellings.docx','280316','125','1','2015-06-08'),('1181','HOOFDFASE/SE/COHORT 2013/03 MOBILE SOLUTIONS/UX Design/Student Uploads/UI Assignment - Martina Semoedi.docx','12933','125','1','2015-06-08'),('1182','HOOFDFASE/SE/COHORT 2013/03 MOBILE SOLUTIONS/UX Design/Student Uploads/UI-design-huiswerk-3%5bDinesh Jethoe%5d.pdf','277165','125','1','2015-06-08'),('1183','HOOFDFASE/SE/COHORT 2013/03 MOBILE SOLUTIONS/UX Design/Student Uploads/UX_assignment3 - Jurian Amatsahip.docx','18232','125','1','2015-06-08'),('1187','HOOFDFASE/SE/COHORT 2013/03 MOBILE SOLUTIONS/UX Design/Student Uploads/Assignment 4 - Christopher en Romeo.docx','14697','125','1','2015-06-08'),('1188','HOOFDFASE/SE/COHORT 2013/03 MOBILE SOLUTIONS/UX Design/Student Uploads/Assignment 4 - jose Caster.docx','15521','125','1','2015-06-08'),('1189','HOOFDFASE/SE/COHORT 2013/03 MOBILE SOLUTIONS/UX Design/Student Uploads/ASSIGNMENT 4 Suzanne Essed en Sheralynn Hart.pdf','216166','125','1','2015-06-08'),('1190','HOOFDFASE/SE/COHORT 2013/03 MOBILE SOLUTIONS/UX Design/Student Uploads/Assignment_IV_UX_0211214EL.docx','17105','125','1','2015-06-08'),('1191','HOOFDFASE/SE/COHORT 2013/03 MOBILE SOLUTIONS/UX Design/Student Uploads/homework_ux_Wishaal Mathoera_Sevan Pontjodikromo_week4.docx','18162','125','1','2015-06-08'),('1192','HOOFDFASE/SE/COHORT 2013/03 MOBILE SOLUTIONS/UX Design/Student Uploads/huiswerk - Jennifer Veldbloem.docx','18209','125','1','2015-06-08'),('1193','HOOFDFASE/SE/COHORT 2013/03 MOBILE SOLUTIONS/UX Design/Student Uploads/UI-design-huiswerk-(groep-06) Dinesh.pdf','72547','125','1','2015-06-08'),('1194','HOOFDFASE/SE/COHORT 2013/03 MOBILE SOLUTIONS/UX Design/Student Uploads/UX_assignment4 - Jurian en Martina.docx','17705','125','1','2015-06-08'),('1197','HOOFDFASE/SE/COHORT 2013/03 MOBILE SOLUTIONS/Student Uploads/Beroepsproduct Mobile Solutions blok 1 Final_Essed en Hart.docx','229357','10','1','2015-06-08'),('1198','HOOFDFASE/SE/COHORT 2013/03 MOBILE SOLUTIONS/Student Uploads/De HuisartsenApp_Presentatie.pptx','1521063','10','1','2015-06-08'),('1199','PROPEDEUSE/COHORT 2013/01 BUSINESS BASICS/Project Ondernemingsplan/Student Uploads/Oso Tori - Plan van Aanpak-Cover-FINAL.pdf','201197','10','1','2015-06-08'),('1200','PROPEDEUSE/COHORT 2013/01 BUSINESS BASICS/Project Ondernemingsplan/Student Uploads/Oso Tori - Plan van Aanpak-FINAL.pdf','677095','10','1','2015-06-08'),('1201','HOOFDFASE/SE/COHORT 2013/03 MOBILE SOLUTIONS/Student Uploads/Traffic alert.pptx','536734','20','1','2015-06-09'),('1234','HOOFDFASE/BI/COHORT 2013/04 BUSINESS PROCESS ANALYSIS/Requirements Management','0','69','0','2015-06-10');

/*Table structure for table `tbl_user` */

DROP TABLE IF EXISTS `tbl_user`;

CREATE TABLE `tbl_user` (
  `id` int(11) NOT NULL AUTO_INCREMENT,
  `username` varchar(128) NOT NULL,
  `password` varchar(128) NOT NULL,
  `email` varchar(128) NOT NULL,
  `role` int(3) NOT NULL,
  PRIMARY KEY (`id`)
) ENGINE=InnoDB AUTO_INCREMENT=156 DEFAULT CHARSET=latin1;

/*Data for the table `tbl_user` */

insert  into `tbl_user`(`id`,`username`,`password`,`email`,`role`) values ('1','Diego Wolf','30c20be008eca1ec92526edbcf1dadb3','admin@admin.com','1'),('8','c.abdoellah','3ba1bdfbe5c700dc400d58cbdce526fe','c.abdoellah@unasat.sr','3'),('9','Omar Overman','a6a6281b39961e26160d1fd071723a84','o.overman@unasat.sr','3'),('10','Hart Sheralynn','2978f3b5f71a3e3707d55938791ee39f','s.hart@unasat.sr','3'),('11','x.roos','ce5652de9362fa1d4fd3f072ad5c9b9a','x.roos@unasat.sr','3'),('12','r.kamber','072078bb401842fd525ff368ea280197','r.kamber@unasat.sr','3'),('13','r.temoe','30c20be008eca1ec92526edbcf1dadb3','r.temoe@unasat.sr','3'),('14','a.pique','a3336b9fe3bffbbd600cc20c15e0940c','a.pique@unasat.sr','3'),('15','e.lobatodemesquita','95becda51fa988e89272b43fcc177a6e','e.lobatodemesquita@unasat.sr','3'),('16','j.caster','eb94fa0e8ca3f9a3d4bd6e91078882b1','j.caster@unasat.sr','3'),('17','j.langguth','eacffd30639d9257221dcb7b7e7fc2f1','j.langguth@unasat.sr','3'),('18','a.moeridjan','a2add35c10c30fa1ab4217c4a312ae77','a.moeridjan@unasat.sr','3'),('19','m.semoedi','6766880a8c8f014dd745d3ef27a88aa0','m.semoedi@unasat.sr','3'),('20','j.amatsahip','618db032df2cc5c2c2fa638b9ebdef49','j.amatsahip@unasat.sr','3'),('21','j.veldbloem','179fb5237b76f877856302f120fe6301','j.veldbloem@unasat.sr','3'),('22','d.jethoe','f59368a6234308c7f20ec6483dcfd6cc','d.jethoe@unasat.sr','3'),('23','k.gauri','38efe8c5297bf3179d5e07855cf3e501','k.gauri@unasat.sr','3'),('24','s.essed','995dc685365746e160cd64b2471f8b30','s.essed@unasat.sr','3'),('25','s.pontjodikromo','be0a575e2e0c0d3e2840210ebdafd0f7','s.pontjodikromo@unasat.sr','3'),('26','w.mathoera','654eca401c349814dc14c717341598a5','w.mathoera@unasat.sr','3'),('27','r.daniels','40596bbe238636ef0567172d3938723e','r.daniels@unasat.sr','3'),('28','n.fokke','c087d1a570b2f6117fc3326f081d70cb','n.fokke@unasat.sr','3'),('29','c.nojodimedjo','367cfc3b34dbba24b2d0952f9d0a31c5','c.nojodimedjo@unasat.sr','3'),('30','w.pengel','6d207c74462bccc99945fa47d59e3e31','w.pengel@unasat.sr','3'),('31','m.djastro','f2825e05cf5ef5423cf477621bc618e4','m.djastro@unasat.sr','3'),('32','m.coulor','edffab85307db7b6d095883b719fcf2a','m.coulor@unasat.sr','3'),('33','o.stekkel','6da3d9a0ed7b8e3b506f13f5a9885a02','o.stekkel@unasat.sr','3'),('34','e.dasilva','ad29d7c5d44fe7773f85d3757d5eefc0','e.dasilva@unasat.sr','3'),('35','k.kromokardi','f50f349745c2ed67462ac331b53659c2','k.kromokardi@unasat.sr','3'),('36','d.mokkum','c2442fade45fe3120f521863cd759600','d.mokkum@unasat.sr','3'),('37','Rehuel Lobato de Mesquita','d26f15e334e435a103c1568b3be187b1','r.lobatodemesquita@unasat.sr','3'),('38','r.saridjo','5964c1a78282a4c5d644596fef071978','r.saridjo@unasat.sr','3'),('39','l.bruynder','13dab1f8c949c8c7f13d3f8774c04c7a','l.bruynder@unasat.sr','3'),('40','j.sontowinggolo','936704208f0c93872a0f532d48275fa5','j.sontowinggolo@unasat.sr','3'),('41','r.stijnberg','e115909018c8583cc031dc50af77142d','r.stijnberg@unasat.sr','3'),('67','wolf','6563120f0718349a67cd748865d048ed','wolf@namidi.com','3'),('68','r.hijlaard','7452267302379a173a21ee4f73faa131','r.hijlaard@unasat.sr','2'),('69','r.franker','baac02bda595932bac71a743a6e54eda','r.franker@unasat.sr','2'),('70','a.makdoembaks','cdbfbd14945c124cc5bfd847f70c1b24','a.makdoembaks@unasat.sr','2'),('71','f.lewis','059c1a4cae71781f2817d306050e6500','f.lewis@unasat.sr','2'),('72','m.kartosoewito','20da06a164dcd8a2c599dbe19931b1bd','m.kartosoewito@unasat.sr','2'),('73','s.dewkinandan','1266e169a0ccb59f6963ac779020ca3a','s.dewkinandan@unasat.sr','2'),('74','n.amadmoestar','4227979604d808adc132bf15a8e7e00c','n.amadmoestar@unasat.sr','3'),('75','d.atmo','618858386e86a1472f82e18741832618','d.atmo@unasat.sr','3'),('76','a.bajnath','c94836e11f2934d6d6738eecda01157e','a.bajnath@unasat.sr','3'),('77','a.bhaggoe','5aa8e10dd18f5d7be2692dc886ace4bd','a.bhaggoe@unasat.sr','3'),('78','c.boetius','9783d51952d56720f2dbf59847911d92','c.boetius@unasat.sr','3'),('79','r.breinburg','e9383947264831efc8a9582e79febdfe','r.breinburg@unasat.sr','3'),('80','m.chiragally','3fa34a320e01e4c5f0374a1c4f498ff8','m.chiragally@unasat.sr','3'),('81','s.dasa','81a98b86c08435117a74a3edf57e2681','s.dasa@unasat.sr','3'),('82','v.fagoe','892ac0009e0367b441b17df78d98abd0','v.fagoe@unasat.sr','3'),('83','g.hankers','6b464fdd84b42f4d62b0091066303954','g.hankers@unasat.sr','3'),('84','c.itrajh','8e0c3126d9db1d349a98dced62e899fd','c.itrajh@unasat.sr','3'),('85','d.jagroep','8e0a64ed7a5c481e9a20cf00a082607b','d.jagroep@unasat.sr','3'),('86','a.jagroep','6b2e270175c9bc35bbf654a1c588d43a','a.jagroep@unasat.sr','3'),('87','j.joesman','34bf182efb724aad439e296f69677651','j.joesman@unasat.sr','3'),('88','j.jones','e05ab49322df8be6ede16025b5817db1','j.jones@unasat.sr','3'),('89','j.jongloy','ce71fd26b6a99db217ac0dde5b15bc41','j.jongloy@unasat.sr','3'),('90','n.kemble','088f8765aeedc5a6ae01c9b987debcfb','n.kemble@unasat.sr','3'),('91','va.khemai','2067c5806f7c428f18082a3aa6ef4c45','va.khemai@unasat.sr','3'),('92','g.lieuwaon','2b98a48130e240f5e9c027fbea70ed73','g.lieuwaon@unasat.sr','3'),('93','f.ligorie','77faef5ce817cc6b829ec66d9fb9d85a','f.ligorie@unasat.sr','3'),('94','j.loninghing','d7788fb8e4d1645c4577dece5c708912','j.loninghing@unasat.sr','3'),('95','d.loor','bbb015230a3dbee1eb1abe476bf2d970','d.loor@unasat.sr','3'),('96','y.luchmun','df62cd7ffb499d9bb7e4924a5f59cb5a','y.luchmun@unasat.sr','3'),('97','s.mangal','2f172afe75b986f65e43a91e96673f5b','s.mangal@unasat.sr','3'),('98','l.mingoen','346eaa1b22c39d3d55a9c0ec41fff51f','l.mingoen@unasat.sr','3'),('99','n.moeljoredjo','ada4fca56360dc0f19d5b63bb610a170','n.moeljoredjo@unasat.sr','3'),('100','s.moennoe','b38da02186b4b1e3d18b3dee56f9284e','s.moennoe@unasat.sr','3'),('101','s.moentari','b3802898aa947c5c1d6ee753a258301d','s.moentari@unasat.sr','3'),('102','k.mohadin','adc0394dcbe53d132e8238cb86eaaeb6','k.mohadin@unasat.sr','3'),('103','r.niamat','41877544ec465bd10ded5b69e7489320','r.niamat@unasat.sr','3'),('104','s.niamut','74815e501b86b8e7a3fcac565fc50df0','s.niamut@unasat.sr','3'),('105','b.paulus','59afc70973c886e4f9b63102325a5474','b.paulus@unasat.sr','3'),('106','Bryan Redan','8d0006ebae99417008e62385afaef383','b.redan@unasat.sr','3'),('107','r.rolador','08b5c21c3ca1305426c86b4f09e53013','r.rolador@unasat.sr','3'),('108','c.rusland','dc3dc95961f973d83b1323dc099b087c','c.rusland@unasat.sr','3'),('109','d.salik','afc4e1690ee28355c9194a5c7b79c112','d.salik@unasat.sr','3'),('110','z.sanches','7329c94c572f078563e3cf2e64f1405b','z.sanches@unasat.sr','3'),('111','j.sanches','d9fcd2400137f96ae23b765a423364e7','j.sanches@unasat.sr','3'),('112','c.saram','4147ef9dc715fed06798609583aea1df','c.saram@unasat.sr','3'),('113','s.sewcharan','b13b2f61c418b6238a583bfff4b859b3','s.sewcharan@unasat.sr','3'),('114','j.soetosenojo','a896c317c0ea35914034307308a21690','j.soetosenojo@unasat.sr','3'),('115','s.sowidjojo','86d5974757b822ba470700710854e410','s.sowidjojo@unasat.sr','3'),('116','y.tjonatjoen','9294e129a54088927f30d03143657f71','y.tjonatjoen@unasat.sr','3'),('117','s.tromedjo','b116b1c6c10dab4db168427bba8eaf95','s.tromedjo@unasat.sr','3'),('118','m.watson','c5b9e6a6094f7b75c651e34e623e001a','m.watson@unasat.sr','3'),('119','s.yoon','b7ff25f45a6870c077a6b8b78ff2db24','s.yoon@unasat.sr','3'),('120','w.bosk','ddc863cb77ab9a4af0ec6f9159fba4e7','w.bosk@unasat.sr','2'),('121','d.wazir','b9d89918426e93b45f38c832fe35a7c7','d.wazir@unasat.sr','2'),('122','Jeoffrey','5db7a3c2c2eeda4aee204e6ca6b589e5','j.leilis@unasat.sr','3'),('123','s.goodings','b7ff25f45a6870c077a6b8b78ff2db24','s.goodings@unasat.sr','3'),('124','s.panday','30c20be008eca1ec92526edbcf1dadb3','s.panday@unasat.sr','2'),('125','d.wolf','e10adc3949ba59abbe56e057f20f883e','d.wolf@unasat.sr','3'),('126','andryxak4','c8837b23ff8aaa8a2dde915473ce0991','andryxak4@gmail.com','3'),('127','hanna.kellerua','c8837b23ff8aaa8a2dde915473ce0991','hanna.kellerua@gmail.com','3'),('128','r.sahtoe','cd565e0b0e0c4b60e67b2a16e381b94f','r.sahtoe@unasat.sr','2'),('129','g.geerlings','c35f94c9336e27e3312e0139a3145443','g.geerlings@unasat.sr','2'),('130','d.kalpoe','5e266120c597d18c171bd9b03c5e8a7f','d.kalpoe@unasat.sr','2'),('131','e.ramdhan','ad9e085cac23418ac70af5becd117fc5','e.ramdhan@unasat.sr','2'),('132','test','30c20be008eca1ec92526edbcf1dadb3','test@test.com','3'),('133','m.bansse','37901947573a3c1bf52d8cf4c862c15e','m.bansse@unasat.sr','2'),('134','c.partoredjo','899d75ad65b16784da004365dfd2d51b','c.partoredjo@unasat.sr','2'),('135','t.jacobs','33fed589b7c724b7904e754caae1be1e','t.jacobs@unasat.sr','2'),('136','t.feurich','41400a59b7514fae3fef2a4a2cce930d','t.feurich@unasat.sr','1'),('137','d.belfor','a5095134dc8e8cef2275e4855fdef2b5','d.belfor@unasat.sr','3'),('138','v.algoe','e828690e0a39c3e91271b56463b24a87','v.algoe@unasat.sr','3'),('139','a.partodikromo','e3047ef979762da93d6c4a397724a5f5','a.partodikromo@unasat.sr','3'),('140','s.kromosoeto','333c75d5e8e7abdf9f7361bc711133ff','s.kromosoeto@unasat.sr','2'),('141','m.narain','bed2cede45b2e63b829a10f29b4951dc','m.narain@unasat.sr','2'),('142','apapikyan','96e79218965eb72c92a549dd5a330112','artashespapikyan@gmail.com','2'),('146','s.std','30c20be008eca1ec92526edbcf1dadb3','student@unasat.sr','3'),('147','diegowolf','e10adc3949ba59abbe56e057f20f883e','diegowolf@msn.com','2'),('148','g.djojowiardjo','5827a19ee2002c3d6e2d048b67433674','g.djojowiardjo@unasat.sr','1'),('153','k.harutyunyan','96e79218965eb72c92a549dd5a330112','kamo.harutyunyan.93@mail.ru','3'),('154','l.hardjodikromo','3ae0fa2ab790f90661b4d9b54fa9585d','l.hardjodikromo@unasat.sr','2'),('155','g.truideman','e1e242b888047af9e0cddede63791f35','g.truideman@unasat.sr','2');

/*!40101 SET SQL_MODE=@OLD_SQL_MODE */;
/*!40014 SET FOREIGN_KEY_CHECKS=@OLD_FOREIGN_KEY_CHECKS */;
/*!40014 SET UNIQUE_CHECKS=@OLD_UNIQUE_CHECKS */;
/*!40111 SET SQL_NOTES=@OLD_SQL_NOTES */;
